{"stats":{"minecraft:used":{"minecraft:water_bucket":3,"minecraft:wooden_axe":24,"minecraft:diamond_pickaxe":19,"minecraft:stone_shovel":91,"minecraft:stone_pickaxe":36,"minecraft:oak_planks":1,"minecraft:shield":8,"minecraft:cherry_planks":3,"minecraft:zombie_spawn_egg":1,"minecraft:iron_sword":3,"minecraft:netherrack":7,"minecraft:warped_roots":3,"minecraft:torch":15,"minecraft:diamond_sword":96,"minecraft:dirt":42,"minecraft:cobblestone":9,"minecraft:golden_carrot":17,"minecraft:crafting_table":2,"minecraft:loom":1,"minecraft:furnace":8,"minecraft:bucket":3,"minecraft:pink_carpet":3,"minecraft:painting":5,"minecraft:milk_bucket":1},"minecraft:mined":{"minecraft:pink_carpet":4,"minecraft:cherry_planks":6,"minecraft:fire":4,"minecraft:crafting_table":1,"minecraft:torch":1,"minecraft:short_grass":3,"minecraft:grass_block":43,"minecraft:oak_log":4,"minecraft:warped_roots":1,"minecraft:loom":1,"minecraft:dirt":57,"minecraft:cobblestone":2,"minecraft:netherrack":9,"minecraft:stone":44,"minecraft:oak_planks":4,"minecraft:oak_leaves":5,"minecraft:wall_torch":1},"minecraft:dropped":{"minecraft:cherry_planks":1,"minecraft:coal":1},"minecraft:custom":{"minecraft:time_since_rest":14905,"minecraft:interact_with_furnace":9,"minecraft:sprint_one_cm":125630,"minecraft:damage_taken":1194,"minecraft:walk_one_cm":118993,"minecraft:damage_blocked_by_shield":190,"minecraft:mob_kills":25,"minecraft:drop":2,"minecraft:damage_dealt":6943,"minecraft:fly_one_cm":699921,"minecraft:open_chest":14,"minecraft:crouch_one_cm":12928,"minecraft:play_time":112860,"minecraft:sneak_time":6959,"minecraft:jump":1230,"minecraft:leave_game":13,"minecraft:walk_on_water_one_cm":2292,"minecraft:time_since_death":112860,"minecraft:sleep_in_bed":3,"minecraft:climb_one_cm":5713,"minecraft:total_world_time":112860,"minecraft:fall_one_cm":28345},"minecraft:killed":{"minecraft:skeleton":2,"minecraft:zombie":7,"minecraft:spider":1,"minecraft:creeper":2,"minecraft:enderman":12},"minecraft:crafted":{"minecraft:oak_planks":16},"minecraft:picked_up":{"minecraft:crafting_table":1,"minecraft:golden_carrot":9,"minecraft:cherry_planks":5,"minecraft:torch":17,"minecraft:pink_carpet":3,"minecraft:oak_log":4,"minecraft:loom":1,"minecraft:dirt":97,"minecraft:rotten_flesh":9,"minecraft:wheat_seeds":2,"minecraft:netherrack":9,"minecraft:painting":5,"minecraft:warped_roots":4,"minecraft:warped_nylium":2,"minecraft:oak_planks":11,"minecraft:coal":1,"minecraft:cobblestone":45,"minecraft:ender_pearl":4}},"DataVersion":3953}