{"stats":{"minecraft:used":{"minecraft:water_bucket":3,"minecraft:wooden_axe":24,"minecraft:diamond_pickaxe":10,"minecraft:stone_shovel":91,"minecraft:stone_pickaxe":36,"minecraft:oak_planks":1,"minecraft:shield":6,"minecraft:cherry_planks":3,"minecraft:zombie_spawn_egg":1,"minecraft:iron_sword":3,"minecraft:torch":15,"minecraft:diamond_sword":46,"minecraft:dirt":22,"minecraft:cobblestone":9,"minecraft:golden_carrot":11,"minecraft:crafting_table":2,"minecraft:loom":1,"minecraft:furnace":8,"minecraft:bucket":3,"minecraft:pink_carpet":3,"minecraft:painting":5,"minecraft:milk_bucket":1},"minecraft:mined":{"minecraft:pink_carpet":4,"minecraft:cherry_planks":6,"minecraft:fire":3,"minecraft:crafting_table":1,"minecraft:torch":1,"minecraft:short_grass":3,"minecraft:grass_block":43,"minecraft:oak_log":4,"minecraft:loom":1,"minecraft:dirt":57,"minecraft:cobblestone":2,"minecraft:stone":44,"minecraft:oak_planks":4,"minecraft:oak_leaves":5,"minecraft:wall_torch":1},"minecraft:dropped":{"minecraft:cherry_planks":1,"minecraft:coal":1},"minecraft:custom":{"minecraft:time_since_rest":2905,"minecraft:interact_with_furnace":9,"minecraft:sprint_one_cm":98806,"minecraft:damage_taken":627,"minecraft:walk_one_cm":101336,"minecraft:damage_blocked_by_shield":100,"minecraft:mob_kills":15,"minecraft:drop":2,"minecraft:damage_dealt":3612,"minecraft:fly_one_cm":664907,"minecraft:open_chest":14,"minecraft:crouch_one_cm":11959,"minecraft:play_time":100860,"minecraft:sneak_time":6278,"minecraft:jump":1006,"minecraft:leave_game":13,"minecraft:walk_on_water_one_cm":2292,"minecraft:time_since_death":100860,"minecraft:sleep_in_bed":3,"minecraft:climb_one_cm":5637,"minecraft:total_world_time":100860,"minecraft:fall_one_cm":20237},"minecraft:killed":{"minecraft:skeleton":2,"minecraft:zombie":7,"minecraft:spider":1,"minecraft:creeper":2,"minecraft:enderman":2},"minecraft:crafted":{"minecraft:oak_planks":16},"minecraft:picked_up":{"minecraft:crafting_table":1,"minecraft:golden_carrot":9,"minecraft:cherry_planks":5,"minecraft:torch":17,"minecraft:pink_carpet":3,"minecraft:oak_log":4,"minecraft:loom":1,"minecraft:dirt":97,"minecraft:rotten_flesh":9,"minecraft:wheat_seeds":2,"minecraft:painting":5,"minecraft:oak_planks":11,"minecraft:coal":1,"minecraft:cobblestone":45,"minecraft:ender_pearl":2}},"DataVersion":3953}