{"stats":{"minecraft:used":{"minecraft:wooden_axe":24,"minecraft:diamond_pickaxe":4,"minecraft:stone_shovel":91,"minecraft:stone_pickaxe":36,"minecraft:oak_planks":1,"minecraft:shield":6,"minecraft:cherry_planks":3,"minecraft:zombie_spawn_egg":1,"minecraft:iron_sword":3,"minecraft:torch":15,"minecraft:diamond_sword":43,"minecraft:dirt":15,"minecraft:cobblestone":1,"minecraft:golden_carrot":8,"minecraft:crafting_table":2,"minecraft:loom":1,"minecraft:furnace":8,"minecraft:pink_carpet":3,"minecraft:painting":5,"minecraft:milk_bucket":1},"minecraft:mined":{"minecraft:pink_carpet":4,"minecraft:cherry_planks":6,"minecraft:crafting_table":1,"minecraft:torch":1,"minecraft:short_grass":2,"minecraft:grass_block":42,"minecraft:oak_log":4,"minecraft:loom":1,"minecraft:dirt":55,"minecraft:stone":40,"minecraft:oak_planks":4,"minecraft:oak_leaves":5,"minecraft:wall_torch":1},"minecraft:dropped":{"minecraft:cherry_planks":1,"minecraft:coal":1},"minecraft:custom":{"minecraft:time_since_rest":79646,"minecraft:interact_with_furnace":9,"minecraft:sprint_one_cm":74907,"minecraft:damage_taken":471,"minecraft:walk_one_cm":89196,"minecraft:damage_blocked_by_shield":100,"minecraft:mob_kills":14,"minecraft:drop":2,"minecraft:damage_dealt":3412,"minecraft:fly_one_cm":601819,"minecraft:open_chest":14,"minecraft:crouch_one_cm":10996,"minecraft:play_time":93649,"minecraft:sneak_time":5799,"minecraft:jump":724,"minecraft:leave_game":13,"minecraft:time_since_death":93649,"minecraft:sleep_in_bed":1,"minecraft:climb_one_cm":4283,"minecraft:total_world_time":93649,"minecraft:fall_one_cm":12346},"minecraft:killed":{"minecraft:skeleton":1,"minecraft:zombie":7,"minecraft:spider":1,"minecraft:creeper":2,"minecraft:enderman":2},"minecraft:crafted":{"minecraft:oak_planks":16},"minecraft:picked_up":{"minecraft:crafting_table":1,"minecraft:golden_carrot":9,"minecraft:cherry_planks":5,"minecraft:torch":17,"minecraft:pink_carpet":3,"minecraft:oak_log":4,"minecraft:loom":1,"minecraft:dirt":94,"minecraft:rotten_flesh":9,"minecraft:wheat_seeds":2,"minecraft:painting":5,"minecraft:oak_planks":11,"minecraft:coal":1,"minecraft:cobblestone":40,"minecraft:ender_pearl":2}},"DataVersion":3953}