{"stats":{"minecraft:used":{"minecraft:calcite":4,"minecraft:quartz_bricks":19,"minecraft:water_bucket":4,"minecraft:writable_book":2,"minecraft:red_concrete":84,"minecraft:stone_shovel":91,"minecraft:redstone":49,"minecraft:stone_pickaxe":36,"minecraft:oak_planks":44,"minecraft:oak_sign":29,"minecraft:chest":73,"minecraft:shield":8,"minecraft:tinted_glass":7,"minecraft:cherry_planks":3,"minecraft:iron_sword":3,"minecraft:zombie_spawn_egg":1,"minecraft:netherrack":9,"minecraft:warped_roots":3,"minecraft:torch":15,"minecraft:dirt":94,"minecraft:comparator":7,"minecraft:crafting_table":2,"minecraft:loom":1,"minecraft:shulker_box":1,"minecraft:painting":5,"minecraft:pink_carpet":3,"minecraft:milk_bucket":3,"minecraft:redstone_torch":10,"minecraft:warden_spawn_egg":3,"minecraft:sticky_piston":2,"minecraft:dark_oak_planks":230,"minecraft:wooden_axe":24,"minecraft:lever":6,"minecraft:diamond_pickaxe":21,"minecraft:black_concrete":189,"minecraft:mace":30,"minecraft:grass_block":270,"minecraft:oak_stairs":70,"minecraft:oak_button":5,"minecraft:lectern":1,"minecraft:item_frame":33,"minecraft:bedrock":8,"minecraft:repeater":2,"minecraft:diamond_sword":130,"minecraft:glowstone":422,"minecraft:golden_carrot":25,"minecraft:cobblestone":14,"minecraft:bow":108,"minecraft:written_book":1,"minecraft:furnace":8,"minecraft:bucket":3,"minecraft:white_concrete":43},"minecraft:mined":{"minecraft:pink_carpet":4,"minecraft:cherry_planks":6,"minecraft:crafting_table":1,"minecraft:torch":1,"minecraft:short_grass":10,"minecraft:grass_block":43,"minecraft:warped_roots":1,"minecraft:cobblestone":2,"minecraft:oak_planks":4,"minecraft:wall_torch":1,"minecraft:fire":4,"minecraft:oak_log":4,"minecraft:loom":1,"minecraft:dirt":57,"minecraft:stone":44,"minecraft:netherrack":11,"minecraft:oak_leaves":5},"minecraft:dropped":{"minecraft:porkchop":2,"minecraft:diamond":5,"minecraft:book":1,"minecraft:shulker_box":4,"minecraft:coal":1,"minecraft:cherry_planks":1,"minecraft:written_book":1},"minecraft:custom":{"minecraft:interact_with_furnace":17,"minecraft:mob_kills":33,"minecraft:interact_with_crafting_table":1,"minecraft:open_shulker_box":1,"minecraft:leave_game":21,"minecraft:time_since_death":182693,"minecraft:sleep_in_bed":3,"minecraft:climb_one_cm":17112,"minecraft:time_since_rest":182722,"minecraft:sprint_one_cm":230147,"minecraft:damage_taken":2300,"minecraft:walk_one_cm":256209,"minecraft:damage_blocked_by_shield":190,"minecraft:drop":10,"minecraft:damage_dealt":15208,"minecraft:fly_one_cm":1380222,"minecraft:player_kills":5,"minecraft:open_chest":36,"minecraft:crouch_one_cm":26317,"minecraft:play_time":347158,"minecraft:deaths":1,"minecraft:sneak_time":13091,"minecraft:walk_under_water_one_cm":1445,"minecraft:interact_with_lectern":17,"minecraft:jump":2069,"minecraft:interact_with_blast_furnace":1,"minecraft:walk_on_water_one_cm":6932,"minecraft:total_world_time":347158,"minecraft:fall_one_cm":37581},"minecraft:killed":{"minecraft:piglin":1,"minecraft:spider":1,"minecraft:creeper":2,"minecraft:skeleton":4,"minecraft:zombie":12,"minecraft:enderman":12},"minecraft:killed_by":{"minecraft:player":1},"minecraft:crafted":{"minecraft:oak_planks":16},"minecraft:picked_up":{"minecraft:crafting_table":1,"minecraft:cherry_planks":5,"minecraft:golden_carrot":9,"minecraft:salmon":2,"minecraft:oak_log":4,"minecraft:dirt":97,"minecraft:flint_and_steel":265,"minecraft:bone":3,"minecraft:oak_sign":5,"minecraft:bow":1,"minecraft:wheat_seeds":3,"minecraft:written_book":1,"minecraft:oak_planks":11,"minecraft:book":1,"minecraft:sculk_catalyst":1,"minecraft:torch":17,"minecraft:pink_carpet":3,"minecraft:loom":1,"minecraft:redstone":3,"minecraft:shulker_box":5,"minecraft:arrow":2,"minecraft:rotten_flesh":12,"minecraft:netherite_helmet":27,"minecraft:lever":1,"minecraft:writable_book":1,"minecraft:painting":5,"minecraft:warped_roots":4,"minecraft:netherrack":11,"minecraft:warped_nylium":2,"minecraft:coal":2,"minecraft:cobblestone":45,"minecraft:ender_pearl":4}},"DataVersion":3953}