{"stats":{"minecraft:used":{"minecraft:water_bucket":3,"minecraft:stone_shovel":91,"minecraft:stone_pickaxe":36,"minecraft:oak_planks":1,"minecraft:shield":8,"minecraft:cherry_planks":3,"minecraft:iron_sword":3,"minecraft:zombie_spawn_egg":1,"minecraft:netherrack":9,"minecraft:warped_roots":3,"minecraft:torch":15,"minecraft:dirt":42,"minecraft:crafting_table":2,"minecraft:loom":1,"minecraft:painting":5,"minecraft:pink_carpet":3,"minecraft:milk_bucket":3,"minecraft:wooden_axe":24,"minecraft:diamond_pickaxe":21,"minecraft:black_concrete":146,"minecraft:bedrock":8,"minecraft:diamond_sword":112,"minecraft:golden_carrot":25,"minecraft:cobblestone":9,"minecraft:furnace":8,"minecraft:bucket":3},"minecraft:mined":{"minecraft:pink_carpet":4,"minecraft:cherry_planks":6,"minecraft:crafting_table":1,"minecraft:torch":1,"minecraft:short_grass":10,"minecraft:grass_block":43,"minecraft:warped_roots":1,"minecraft:cobblestone":2,"minecraft:oak_planks":4,"minecraft:wall_torch":1,"minecraft:fire":4,"minecraft:oak_log":4,"minecraft:loom":1,"minecraft:dirt":57,"minecraft:stone":44,"minecraft:netherrack":11,"minecraft:oak_leaves":5},"minecraft:dropped":{"minecraft:porkchop":2,"minecraft:diamond":5,"minecraft:coal":1,"minecraft:cherry_planks":1},"minecraft:custom":{"minecraft:interact_with_furnace":17,"minecraft:mob_kills":28,"minecraft:interact_with_crafting_table":1,"minecraft:leave_game":16,"minecraft:time_since_death":1930,"minecraft:climb_one_cm":14082,"minecraft:sleep_in_bed":3,"minecraft:time_since_rest":1959,"minecraft:sprint_one_cm":176287,"minecraft:damage_taken":2300,"minecraft:walk_one_cm":171240,"minecraft:damage_blocked_by_shield":190,"minecraft:drop":4,"minecraft:damage_dealt":8224,"minecraft:fly_one_cm":795837,"minecraft:player_kills":3,"minecraft:open_chest":14,"minecraft:crouch_one_cm":13771,"minecraft:play_time":166395,"minecraft:deaths":1,"minecraft:sneak_time":7333,"minecraft:jump":1690,"minecraft:walk_on_water_one_cm":2292,"minecraft:total_world_time":166395,"minecraft:fall_one_cm":37581},"minecraft:killed":{"minecraft:piglin":1,"minecraft:spider":1,"minecraft:creeper":2,"minecraft:skeleton":3,"minecraft:zombie":8,"minecraft:enderman":12},"minecraft:killed_by":{"minecraft:player":1},"minecraft:crafted":{"minecraft:oak_planks":16},"minecraft:picked_up":{"minecraft:crafting_table":1,"minecraft:cherry_planks":5,"minecraft:golden_carrot":9,"minecraft:oak_log":4,"minecraft:dirt":97,"minecraft:bone":2,"minecraft:wheat_seeds":3,"minecraft:oak_planks":11,"minecraft:torch":17,"minecraft:pink_carpet":3,"minecraft:loom":1,"minecraft:rotten_flesh":9,"minecraft:painting":5,"minecraft:warped_roots":4,"minecraft:netherrack":11,"minecraft:warped_nylium":2,"minecraft:coal":1,"minecraft:cobblestone":45,"minecraft:ender_pearl":4}},"DataVersion":3953}