{"stats":{"minecraft:used":{"minecraft:calcite":4,"minecraft:quartz_bricks":22,"minecraft:chiseled_bookshelf":4,"minecraft:water_bucket":4,"minecraft:iron_bars":2,"minecraft:writable_book":2,"minecraft:red_concrete":90,"minecraft:stone_shovel":91,"minecraft:redstone":59,"minecraft:stone_pickaxe":36,"minecraft:oak_planks":56,"minecraft:oak_sign":36,"minecraft:chest":73,"minecraft:shield":8,"minecraft:tinted_glass":7,"minecraft:cherry_planks":3,"minecraft:iron_sword":3,"minecraft:zombie_spawn_egg":1,"minecraft:redstone_block":1,"minecraft:netherrack":9,"minecraft:warped_roots":3,"minecraft:torch":15,"minecraft:dirt":94,"minecraft:comparator":9,"minecraft:crafting_table":2,"minecraft:loom":1,"minecraft:blast_furnace":20,"minecraft:shulker_box":1,"minecraft:painting":5,"minecraft:pink_carpet":3,"minecraft:milk_bucket":3,"minecraft:redstone_torch":26,"minecraft:warden_spawn_egg":3,"minecraft:red_shulker_box":1,"minecraft:sticky_piston":2,"minecraft:piston":9,"minecraft:dark_oak_planks":252,"minecraft:wooden_axe":24,"minecraft:lever":6,"minecraft:diamond_pickaxe":21,"minecraft:black_concrete":189,"minecraft:mace":30,"minecraft:grass_block":270,"minecraft:oak_stairs":77,"minecraft:oak_button":12,"minecraft:lectern":4,"minecraft:item_frame":33,"minecraft:bedrock":8,"minecraft:birch_trapdoor":9,"minecraft:repeater":3,"minecraft:diamond_sword":130,"minecraft:glowstone":424,"minecraft:golden_carrot":25,"minecraft:cobblestone":19,"minecraft:bow":108,"minecraft:written_book":4,"minecraft:furnace":8,"minecraft:bucket":3,"minecraft:white_concrete":79},"minecraft:mined":{"minecraft:pink_carpet":4,"minecraft:cherry_planks":6,"minecraft:crafting_table":1,"minecraft:torch":1,"minecraft:short_grass":10,"minecraft:grass_block":43,"minecraft:warped_roots":1,"minecraft:cobblestone":2,"minecraft:oak_planks":4,"minecraft:wall_torch":1,"minecraft:fire":4,"minecraft:oak_log":4,"minecraft:loom":1,"minecraft:dirt":57,"minecraft:stone":44,"minecraft:netherrack":11,"minecraft:oak_leaves":5},"minecraft:dropped":{"minecraft:porkchop":2,"minecraft:diamond":5,"minecraft:book":1,"minecraft:shulker_box":4,"minecraft:coal":1,"minecraft:cherry_planks":1,"minecraft:written_book":4},"minecraft:custom":{"minecraft:interact_with_furnace":17,"minecraft:mob_kills":33,"minecraft:interact_with_crafting_table":1,"minecraft:open_shulker_box":3,"minecraft:leave_game":21,"minecraft:time_since_death":218693,"minecraft:sleep_in_bed":3,"minecraft:climb_one_cm":23333,"minecraft:time_since_rest":218722,"minecraft:sprint_one_cm":254000,"minecraft:damage_taken":2300,"minecraft:walk_one_cm":311509,"minecraft:damage_blocked_by_shield":190,"minecraft:drop":12,"minecraft:minecart_one_cm":25,"minecraft:damage_dealt":15218,"minecraft:fly_one_cm":1635784,"minecraft:player_kills":5,"minecraft:open_chest":36,"minecraft:crouch_one_cm":29109,"minecraft:play_time":383158,"minecraft:deaths":1,"minecraft:sneak_time":14539,"minecraft:walk_under_water_one_cm":1445,"minecraft:interact_with_lectern":29,"minecraft:jump":2267,"minecraft:interact_with_blast_furnace":6,"minecraft:walk_on_water_one_cm":6932,"minecraft:total_world_time":383158,"minecraft:fall_one_cm":37581},"minecraft:killed":{"minecraft:piglin":1,"minecraft:spider":1,"minecraft:creeper":2,"minecraft:skeleton":4,"minecraft:zombie":12,"minecraft:enderman":12},"minecraft:killed_by":{"minecraft:player":1},"minecraft:crafted":{"minecraft:oak_planks":16},"minecraft:picked_up":{"minecraft:crafting_table":1,"minecraft:cherry_planks":5,"minecraft:golden_carrot":9,"minecraft:salmon":2,"minecraft:oak_log":4,"minecraft:dirt":97,"minecraft:flint_and_steel":265,"minecraft:bone":3,"minecraft:oak_sign":7,"minecraft:bow":1,"minecraft:wheat_seeds":3,"minecraft:redstone_torch":5,"minecraft:written_book":4,"minecraft:oak_planks":11,"minecraft:book":1,"minecraft:sculk_catalyst":1,"minecraft:torch":17,"minecraft:pink_carpet":3,"minecraft:loom":1,"minecraft:redstone":4,"minecraft:shulker_box":5,"minecraft:red_shulker_box":1,"minecraft:arrow":2,"minecraft:rotten_flesh":12,"minecraft:netherite_helmet":27,"minecraft:lever":1,"minecraft:writable_book":1,"minecraft:painting":5,"minecraft:warped_roots":4,"minecraft:oak_button":2,"minecraft:netherrack":11,"minecraft:warped_nylium":2,"minecraft:ominous_trial_key":1,"minecraft:coal":2,"minecraft:cobblestone":45,"minecraft:ender_pearl":4}},"DataVersion":3953}