{"stats":{"minecraft:used":{"minecraft:cherry_boat":2,"minecraft:cherry_sapling":16,"minecraft:netherite_sword":8,"minecraft:enchanting_table":2,"minecraft:flint_and_steel":1,"minecraft:stone_shovel":153,"minecraft:redstone":67,"minecraft:ladder":33,"minecraft:oak_sign":3,"minecraft:chest":40,"minecraft:shield":4,"minecraft:tinted_glass":12,"minecraft:stone":54,"minecraft:iron_sword":38,"minecraft:rotten_flesh":21,"minecraft:iron_chestplate":1,"minecraft:oak_door":1,"minecraft:torch":59,"minecraft:dirt":282,"minecraft:mutton":12,"minecraft:skeleton_spawn_egg":1,"minecraft:carrot":1,"minecraft:pink_carpet":13,"minecraft:obsidian":22,"minecraft:glass":131,"minecraft:wooden_axe":107,"minecraft:dark_oak_planks":12,"minecraft:bookshelf":15,"minecraft:iron_axe":140,"minecraft:red_wool":19,"minecraft:lantern":9,"minecraft:cherry_trapdoor":1,"minecraft:iron_helmet":1,"minecraft:iron_boots":1,"minecraft:blue_banner":2,"minecraft:light_gray_wool":1,"minecraft:vault":4,"minecraft:glowstone":60,"minecraft:golden_carrot":16,"minecraft:written_book":1,"minecraft:wolf_spawn_egg":12,"minecraft:furnace":7,"minecraft:red_dye":3,"minecraft:iron_leggings":1,"minecraft:calcite":81,"minecraft:armadillo_spawn_egg":14,"minecraft:cobblestone_stairs":33,"minecraft:birch_planks":1,"minecraft:stone_pickaxe":338,"minecraft:oak_planks":308,"minecraft:wooden_pickaxe":44,"minecraft:cherry_planks":165,"minecraft:glow_ink_sac":3,"minecraft:beacon":1,"minecraft:white_wool":8,"minecraft:crafting_table":12,"minecraft:loom":2,"minecraft:campfire":2,"minecraft:white_bed":3,"minecraft:painting":23,"minecraft:black_bed":4,"minecraft:sticky_piston":15,"minecraft:lever":14,"minecraft:black_wool":1,"minecraft:mace":14,"minecraft:map":1,"minecraft:iron_pickaxe":345,"minecraft:spruce_trapdoor":12,"minecraft:stone_slab":23,"minecraft:pink_petals":548,"minecraft:stone_axe":39,"minecraft:diamond_sword":7,"minecraft:cobblestone":99,"minecraft:porkchop":1,"minecraft:brush":1,"minecraft:sculk_catalyst":1,"minecraft:bone_meal":62},"minecraft:mined":{"minecraft:large_amethyst_bud":1,"minecraft:white_bed":2,"minecraft:pink_carpet":1,"minecraft:cherry_log":35,"minecraft:cobblestone_stairs":1,"minecraft:ladder":4,"minecraft:budding_amethyst":12,"minecraft:grass_block":50,"minecraft:iron_ore":2,"minecraft:azure_bluet":1,"minecraft:enchanting_table":1,"minecraft:bookshelf":1,"minecraft:stone":477,"minecraft:cherry_planks":41,"minecraft:amethyst_cluster":3,"minecraft:crafting_table":7,"minecraft:torch":7,"minecraft:short_grass":21,"minecraft:calcite":12,"minecraft:rose_bush":3,"minecraft:stone_slab":4,"minecraft:cobblestone":16,"minecraft:glass":31,"minecraft:sugar_cane":1,"minecraft:oak_planks":72,"minecraft:wall_torch":10,"minecraft:amethyst_block":110,"minecraft:pink_petals":11,"minecraft:birch_log":10,"minecraft:birch_leaves":5,"minecraft:black_bed":1,"minecraft:coal_ore":44,"minecraft:oak_log":45,"minecraft:cherry_leaves":9,"minecraft:gravel":5,"minecraft:loom":1,"minecraft:dirt":179,"minecraft:oak_leaves":27},"minecraft:dropped":{"minecraft:iron_ingot":128,"minecraft:cobblestone":176,"minecraft:flower_banner_pattern":2,"minecraft:black_bed":1,"minecraft:red_wool":1,"minecraft:golden_carrot":18,"minecraft:sculk_catalyst":2,"minecraft:iron_axe":1,"minecraft:red_dye":13,"minecraft:white_wool":9,"minecraft:bone":1,"minecraft:cherry_boat":1,"minecraft:netherite_sword":1,"minecraft:oak_planks":1,"minecraft:pink_carpet":1,"minecraft:skeleton_spawn_egg":1,"minecraft:wolf_armor":2,"minecraft:light_blue_dye":2,"minecraft:glowstone":1,"minecraft:blue_banner":2,"minecraft:white_dye":96,"minecraft:glass":2,"minecraft:written_book":1},"minecraft:custom":{"minecraft:mob_kills":70,"minecraft:interact_with_crafting_table":33,"minecraft:leave_game":7,"minecraft:time_since_death":196575,"minecraft:climb_one_cm":37891,"minecraft:damage_resisted":37352,"minecraft:sprint_one_cm":341648,"minecraft:walk_one_cm":722281,"minecraft:damage_blocked_by_shield":120,"minecraft:drop":43,"minecraft:play_time":450566,"minecraft:deaths":13,"minecraft:sneak_time":11257,"minecraft:walk_under_water_one_cm":29044,"minecraft:boat_one_cm":118205,"minecraft:jump":2989,"minecraft:walk_on_water_one_cm":18545,"minecraft:total_world_time":450566,"minecraft:interact_with_furnace":54,"minecraft:interact_with_loom":12,"minecraft:sleep_in_bed":17,"minecraft:time_since_rest":55147,"minecraft:damage_taken":4586,"minecraft:damage_dealt":20072,"minecraft:interact_with_beacon":1,"minecraft:swim_one_cm":16174,"minecraft:player_kills":1,"minecraft:fly_one_cm":843993,"minecraft:open_chest":39,"minecraft:crouch_one_cm":13628,"minecraft:fall_one_cm":64129},"minecraft:killed":{"minecraft:armadillo":17,"minecraft:spider":1,"minecraft:skeleton":6,"minecraft:drowned":7,"minecraft:warden":2,"minecraft:wolf":11,"minecraft:pig":1,"minecraft:creeper":3,"minecraft:squid":1,"minecraft:sheep":6,"minecraft:zombie":13,"minecraft:breeze":2},"minecraft:broken":{"minecraft:wooden_pickaxe":1,"minecraft:stone_pickaxe":2,"minecraft:brush":1,"minecraft:wooden_axe":2,"minecraft:stone_shovel":1},"minecraft:killed_by":{"minecraft:drowned":4,"minecraft:skeleton":3,"minecraft:zombie":3},"minecraft:crafted":{"minecraft:cherry_planks":148,"minecraft:oak_door":3,"minecraft:oak_planks":192,"minecraft:stone_shovel":2,"minecraft:oak_sign":3,"minecraft:tinted_glass":16,"minecraft:wolf_armor":1,"minecraft:cherry_boat":1,"minecraft:stone":2,"minecraft:cobblestone_stairs":32,"minecraft:bone_meal":9,"minecraft:bookshelf":15,"minecraft:iron_boots":1,"minecraft:iron_axe":1,"minecraft:ladder":9,"minecraft:stone_pickaxe":3,"minecraft:red_dye":5,"minecraft:crafting_table":4,"minecraft:wooden_pickaxe":1,"minecraft:iron_helmet":1,"minecraft:iron_sword":1,"minecraft:birch_planks":40,"minecraft:stone_axe":1,"minecraft:iron_chestplate":1,"minecraft:book":42,"minecraft:shield":2,"minecraft:stick":60,"minecraft:iron_pickaxe":1,"minecraft:wooden_axe":3,"minecraft:iron_leggings":1,"minecraft:black_bed":1,"minecraft:white_bed":1,"minecraft:torch":40},"minecraft:picked_up":{"minecraft:wooden_axe":8,"minecraft:crafting_table":10,"minecraft:azure_bluet":2,"minecraft:ladder":6,"minecraft:stone_slab":7,"minecraft:wooden_pickaxe":7,"minecraft:amethyst_block":107,"minecraft:string":6,"minecraft:iron_axe":1,"minecraft:cherry_boat":5,"minecraft:red_dye":8,"minecraft:calcite":5,"minecraft:rose_bush":2,"minecraft:written_book":3,"minecraft:flower_banner_pattern":1,"minecraft:light_gray_wool":1,"minecraft:sugar_cane":20,"minecraft:birch_sapling":2,"minecraft:cherry_trapdoor":1,"minecraft:stick":13,"minecraft:raw_iron":4,"minecraft:stone":1,"minecraft:copper_ingot":4,"minecraft:torch":41,"minecraft:pink_carpet":2,"minecraft:porkchop":1,"minecraft:white_dye":64,"minecraft:cherry_log":162,"minecraft:carrot":2,"minecraft:redstone":3,"minecraft:black_dye":1,"minecraft:arrow":14,"minecraft:stone_shovel":1,"minecraft:rotten_flesh":36,"minecraft:red_tulip":1,"minecraft:armadillo_scute":43,"minecraft:glowstone":1,"minecraft:mutton":55,"minecraft:white_wool":18,"minecraft:cobblestone":709,"minecraft:birch_log":10,"minecraft:enchanting_table":1,"minecraft:pink_petals":246,"minecraft:cherry_planks":144,"minecraft:golden_carrot":9,"minecraft:black_bed":2,"minecraft:wolf_armor":2,"minecraft:oak_log":48,"minecraft:gunpowder":2,"minecraft:cobblestone_stairs":1,"minecraft:dirt":531,"minecraft:glass":1,"minecraft:bone":10,"minecraft:wheat_seeds":4,"minecraft:light_blue_dye":2,"minecraft:iron_ingot":8640,"minecraft:stone_pickaxe":2,"minecraft:oak_planks":234,"minecraft:book":3,"minecraft:sculk_catalyst":2,"minecraft:red_wool":20,"minecraft:gravel":52,"minecraft:amethyst_shard":32,"minecraft:ink_sac":1,"minecraft:loom":1,"minecraft:white_bed":4,"minecraft:spruce_log":1,"minecraft:spider_eye":2,"minecraft:skeleton_spawn_egg":1,"minecraft:campfire":2,"minecraft:stone_axe":1,"minecraft:lever":2,"minecraft:breeze_rod":2,"minecraft:painting":9,"minecraft:cherry_sapling":47,"minecraft:blue_banner":1,"minecraft:oak_sapling":21,"minecraft:black_wool":1,"minecraft:coal":110}},"DataVersion":3953}