{"stats":{"minecraft:killed_by":{"minecraft:drowned":4,"minecraft:zombie":4,"minecraft:skeleton":3},"minecraft:custom":{"minecraft:interact_with_crafting_table":45,"minecraft:time_since_death":158267,"minecraft:leave_game":14,"minecraft:damage_resisted":37352,"minecraft:sprint_one_cm":540071,"minecraft:damage_blocked_by_shield":120,"minecraft:drop":56,"minecraft:play_time":1042080,"minecraft:deaths":16,"minecraft:jump":4629,"minecraft:walk_on_water_one_cm":21047,"minecraft:interact_with_furnace":62,"minecraft:interact_with_loom":13,"minecraft:sleep_in_bed":18,"minecraft:damage_dealt":58928,"minecraft:interact_with_beacon":1,"minecraft:player_kills":4,"minecraft:crouch_one_cm":19364,"minecraft:interact_with_smoker":1,"minecraft:interact_with_smithing_table":6,"minecraft:mob_kills":96,"minecraft:interact_with_anvil":13,"minecraft:climb_one_cm":70300,"minecraft:walk_one_cm":1142815,"minecraft:sneak_time":23555,"minecraft:walk_under_water_one_cm":91686,"minecraft:interact_with_lectern":4,"minecraft:boat_one_cm":118205,"minecraft:interact_with_blast_furnace":6,"minecraft:total_world_time":1042080,"minecraft:time_since_rest":158292,"minecraft:damage_taken":6909,"minecraft:swim_one_cm":16174,"minecraft:fly_one_cm":1790675,"minecraft:open_chest":72,"minecraft:fall_one_cm":94558},"minecraft:mined":{"minecraft:large_amethyst_bud":1,"minecraft:white_bed":2,"minecraft:cobblestone_stairs":1,"minecraft:cherry_log":35,"minecraft:budding_amethyst":12,"minecraft:grass_block":58,"minecraft:oak_wall_sign":1,"minecraft:iron_ore":2,"minecraft:azure_bluet":1,"minecraft:enchanting_table":1,"minecraft:oak_stairs":34,"minecraft:amethyst_cluster":3,"minecraft:torch":7,"minecraft:calcite":12,"minecraft:glass":31,"minecraft:cobblestone":18,"minecraft:oak_planks":99,"minecraft:sugar_cane":1,"minecraft:wall_torch":10,"minecraft:amethyst_block":110,"minecraft:pink_petals":11,"minecraft:tinted_glass":2,"minecraft:birch_log":10,"minecraft:black_bed":2,"minecraft:oak_log":83,"minecraft:loom":1,"minecraft:dirt":198,"minecraft:oak_leaves":31,"minecraft:pink_carpet":1,"minecraft:ladder":4,"minecraft:redstone_wire":1,"minecraft:bookshelf":1,"minecraft:stone":477,"minecraft:cherry_planks":43,"minecraft:crafting_table":8,"minecraft:short_grass":35,"minecraft:rose_bush":3,"minecraft:lectern":2,"minecraft:stone_slab":5,"minecraft:tall_grass":1,"minecraft:birch_leaves":5,"minecraft:coal_ore":44,"minecraft:cherry_leaves":9,"minecraft:gravel":5},"minecraft:crafted":{"minecraft:oak_planks":344,"minecraft:oak_sign":27,"minecraft:wolf_armor":1,"minecraft:cobblestone_stairs":32,"minecraft:cherry_boat":1,"minecraft:stone":2,"minecraft:bookshelf":16,"minecraft:iron_boots":1,"minecraft:netherite_boots":4,"minecraft:netherite_helmet":4,"minecraft:oak_slab":6,"minecraft:crafting_table":4,"minecraft:wooden_pickaxe":1,"minecraft:iron_helmet":1,"minecraft:birch_planks":40,"minecraft:lectern":1,"minecraft:book":42,"minecraft:iron_chestplate":1,"minecraft:diamond_pickaxe":1,"minecraft:shield":2,"minecraft:netherite_block":11,"minecraft:stick":68,"minecraft:iron_pickaxe":1,"minecraft:black_bed":1,"minecraft:netherite_ingot":99,"minecraft:cherry_planks":148,"minecraft:oak_door":3,"minecraft:stone_shovel":2,"minecraft:tinted_glass":16,"minecraft:wind_charge":8,"minecraft:bone_meal":9,"minecraft:netherite_chestplate":4,"minecraft:netherite_leggings":4,"minecraft:iron_axe":1,"minecraft:ladder":9,"minecraft:stone_pickaxe":3,"minecraft:red_dye":5,"minecraft:diamond_sword":1,"minecraft:iron_sword":1,"minecraft:stone_axe":1,"minecraft:oak_stairs":90,"minecraft:wooden_axe":3,"minecraft:iron_leggings":1,"minecraft:white_bed":1,"minecraft:torch":40},"minecraft:used":{"minecraft:waxed_oxidized_copper_door":2,"minecraft:cherry_sapling":16,"minecraft:writable_book":9,"minecraft:ladder":92,"minecraft:oak_sign":37,"minecraft:chest":67,"minecraft:shield":4,"minecraft:stone":250,"minecraft:iron_sword":51,"minecraft:rotten_flesh":26,"minecraft:iron_chestplate":1,"minecraft:mutton":12,"minecraft:skeleton_spawn_egg":1,"minecraft:crafter":1,"minecraft:waxed_copper_door":2,"minecraft:carrot":1,"minecraft:obsidian":22,"minecraft:glass":133,"minecraft:lava_bucket":126,"minecraft:quartz_pillar":64,"minecraft:red_wool":19,"minecraft:lantern":9,"minecraft:quartz_block":2,"minecraft:iron_helmet":1,"minecraft:blue_banner":2,"minecraft:netherite_boots":3,"minecraft:birch_trapdoor":1,"minecraft:reinforced_deepslate":9,"minecraft:vault":4,"minecraft:written_book":6,"minecraft:ominous_bottle":1,"minecraft:furnace":37,"minecraft:skeleton_skull":18,"minecraft:armadillo_spawn_egg":14,"minecraft:diorite":6,"minecraft:leather_leggings":1,"minecraft:copper_door":2,"minecraft:stone_pickaxe":338,"minecraft:oak_planks":388,"minecraft:leather_chestplate":1,"minecraft:wooden_pickaxe":44,"minecraft:redstone_block":1,"minecraft:white_wool":8,"minecraft:blue_dye":1,"minecraft:netherite_leggings":3,"minecraft:waxed_exposed_copper_grate":475,"minecraft:loom":2,"minecraft:blast_furnace":45,"minecraft:netherite_helmet":3,"minecraft:chiseled_quartz_block":15,"minecraft:lingering_potion":153,"minecraft:black_bed":5,"minecraft:redstone_torch":12,"minecraft:sticky_piston":36,"minecraft:lever":23,"minecraft:black_concrete":8,"minecraft:mace":60,"minecraft:lectern":5,"minecraft:iron_door":2,"minecraft:diamond_sword":25,"minecraft:smithing_table":2,"minecraft:andesite":7,"minecraft:chain":52,"minecraft:white_concrete":29,"minecraft:bone_meal":62,"minecraft:cherry_boat":2,"minecraft:netherite_sword":8,"minecraft:enchanting_table":2,"minecraft:iron_bars":22,"minecraft:flint_and_steel":1,"minecraft:red_concrete":74,"minecraft:armor_stand":27,"minecraft:stone_shovel":153,"minecraft:redstone":141,"minecraft:tinted_glass":14,"minecraft:oak_door":1,"minecraft:torch":59,"minecraft:dirt":327,"minecraft:anvil":2,"minecraft:light_blue_dye":1,"minecraft:stone_stairs":33,"minecraft:pink_carpet":13,"minecraft:dark_oak_planks":92,"minecraft:wooden_axe":107,"minecraft:bookshelf":15,"minecraft:iron_axe":242,"minecraft:oak_stairs":126,"minecraft:cherry_trapdoor":1,"minecraft:iron_boots":1,"minecraft:smooth_quartz":2,"minecraft:lime_dye":1,"minecraft:light_gray_wool":1,"minecraft:glowstone":868,"minecraft:golden_carrot":35,"minecraft:wolf_spawn_egg":12,"minecraft:minecart":9,"minecraft:red_dye":16,"minecraft:iron_leggings":1,"minecraft:calcite":81,"minecraft:quartz_bricks":47,"minecraft:water_bucket":1,"minecraft:chiseled_bookshelf":1,"minecraft:cobblestone_stairs":33,"minecraft:birch_planks":1,"minecraft:netherite_chestplate":3,"minecraft:cherry_planks":168,"minecraft:beacon":1,"minecraft:glow_ink_sac":19,"minecraft:leather_boots":1,"minecraft:rail":10,"minecraft:crafting_table":13,"minecraft:white_bed":3,"minecraft:campfire":2,"minecraft:painting":23,"minecraft:smoker":30,"minecraft:diamond_pickaxe":2,"minecraft:black_wool":1,"minecraft:wind_charge":190,"minecraft:oak_button":4,"minecraft:iron_pickaxe":348,"minecraft:map":1,"minecraft:stone_slab":23,"minecraft:spruce_trapdoor":13,"minecraft:stone_axe":70,"minecraft:pink_petals":548,"minecraft:cobblestone":107,"minecraft:porkchop":1,"minecraft:brush":1,"minecraft:stripped_oak_log":6,"minecraft:sculk_catalyst":1},"minecraft:dropped":{"minecraft:ominous_bottle":64,"minecraft:flower_banner_pattern":2,"minecraft:black_bed":1,"minecraft:dark_oak_button":1,"minecraft:red_wool":1,"minecraft:mace":2,"minecraft:white_wool":9,"minecraft:bone":1,"minecraft:cherry_boat":1,"minecraft:netherite_sword":1,"minecraft:oak_planks":1,"minecraft:pink_carpet":1,"minecraft:glowstone":2,"minecraft:white_dye":96,"minecraft:glass":2,"minecraft:written_book":4,"minecraft:iron_ingot":128,"minecraft:cobblestone":176,"minecraft:ominous_trial_key":1,"minecraft:golden_carrot":18,"minecraft:sculk_catalyst":3,"minecraft:iron_axe":1,"minecraft:red_dye":13,"minecraft:anvil":1,"minecraft:sticky_piston":1,"minecraft:clay_ball":16,"minecraft:skeleton_spawn_egg":1,"minecraft:wolf_armor":2,"minecraft:light_blue_dye":2,"minecraft:blue_banner":2},"minecraft:picked_up":{"minecraft:wooden_axe":8,"minecraft:anvil":1,"minecraft:stone_slab":9,"minecraft:oak_stairs":34,"minecraft:amethyst_block":107,"minecraft:string":11,"minecraft:sticky_piston":1,"minecraft:oak_sign":3,"minecraft:cherry_boat":5,"minecraft:bucket":4,"minecraft:red_dye":8,"minecraft:rose_bush":2,"minecraft:written_book":11,"minecraft:calcite":5,"minecraft:flower_banner_pattern":1,"minecraft:stick":14,"minecraft:torch":41,"minecraft:pink_carpet":2,"minecraft:porkchop":1,"minecraft:cherry_log":162,"minecraft:black_dye":1,"minecraft:rotten_flesh":49,"minecraft:red_tulip":1,"minecraft:armadillo_scute":43,"minecraft:glowstone":1,"minecraft:cobblestone":712,"minecraft:birch_log":10,"minecraft:enchanting_table":1,"minecraft:pink_petals":246,"minecraft:cherry_planks":146,"minecraft:black_bed":3,"minecraft:dirt":570,"minecraft:glass":1,"minecraft:bone":10,"minecraft:wheat_seeds":5,"minecraft:light_blue_dye":2,"minecraft:oak_planks":261,"minecraft:ink_sac":1,"minecraft:grass_block":1,"minecraft:loom":1,"minecraft:skeleton_spawn_egg":1,"minecraft:diamond":5,"minecraft:lever":4,"minecraft:breeze_rod":2,"minecraft:blue_banner":1,"minecraft:oak_sapling":21,"minecraft:crafting_table":11,"minecraft:azure_bluet":2,"minecraft:ladder":6,"minecraft:clay_ball":16,"minecraft:wooden_pickaxe":7,"minecraft:iron_axe":1,"minecraft:flint_and_steel":32,"minecraft:light_gray_wool":1,"minecraft:lectern":2,"minecraft:tinted_glass":2,"minecraft:sugar_cane":20,"minecraft:birch_sapling":2,"minecraft:cherry_trapdoor":1,"minecraft:raw_iron":4,"minecraft:stone":1,"minecraft:copper_ingot":4,"minecraft:white_dye":64,"minecraft:mace":2,"minecraft:redstone":4,"minecraft:carrot":2,"minecraft:arrow":16,"minecraft:stone_shovel":1,"minecraft:mutton":55,"minecraft:white_wool":18,"minecraft:rail":2,"minecraft:dark_oak_button":1,"minecraft:golden_carrot":9,"minecraft:wolf_armor":2,"minecraft:oak_log":86,"minecraft:gunpowder":2,"minecraft:cobblestone_stairs":1,"minecraft:iron_ingot":8640,"minecraft:stone_pickaxe":2,"minecraft:book":3,"minecraft:sculk_catalyst":6,"minecraft:red_wool":20,"minecraft:gravel":56,"minecraft:amethyst_shard":32,"minecraft:white_bed":4,"minecraft:spruce_log":1,"minecraft:spider_eye":2,"minecraft:campfire":2,"minecraft:stone_axe":1,"minecraft:painting":9,"minecraft:cherry_sapling":47,"minecraft:oak_button":4,"minecraft:black_wool":1,"minecraft:coal":110,"minecraft:ender_pearl":1},"minecraft:killed":{"minecraft:spider":5,"minecraft:skeleton":7,"minecraft:wolf":11,"minecraft:pig":1,"minecraft:creeper":3,"minecraft:sheep":6,"minecraft:zombie":22,"minecraft:armadillo":17,"minecraft:giant":2,"minecraft:drowned":7,"minecraft:warden":10,"minecraft:squid":1,"minecraft:breeze":2,"minecraft:enderman":2},"minecraft:broken":{"minecraft:stone_pickaxe":2,"minecraft:wooden_axe":2,"minecraft:stone_shovel":1,"minecraft:wooden_pickaxe":1,"minecraft:brush":1,"minecraft:iron_axe":1}},"DataVersion":3953}