{"stats":{"minecraft:killed_by":{"minecraft:player":12,"minecraft:spider":1,"minecraft:drowned":6,"minecraft:skeleton":2,"minecraft:zombie":2},"minecraft:custom":{"minecraft:mob_kills":63,"minecraft:interact_with_crafting_table":16,"minecraft:leave_game":19,"minecraft:time_since_death":245,"minecraft:climb_one_cm":37716,"minecraft:sprint_one_cm":643098,"minecraft:walk_one_cm":896995,"minecraft:drop":231,"minecraft:play_time":325313,"minecraft:deaths":33,"minecraft:sneak_time":1996,"minecraft:walk_under_water_one_cm":48887,"minecraft:boat_one_cm":19773,"minecraft:interact_with_lectern":1,"minecraft:jump":4062,"minecraft:interact_with_blast_furnace":1,"minecraft:walk_on_water_one_cm":32598,"minecraft:total_world_time":325313,"minecraft:interact_with_furnace":41,"minecraft:interact_with_loom":1,"minecraft:sleep_in_bed":12,"minecraft:time_since_rest":317,"minecraft:damage_taken":27202,"minecraft:damage_dealt":8876,"minecraft:swim_one_cm":64336,"minecraft:fly_one_cm":444317,"minecraft:player_kills":1,"minecraft:open_chest":6,"minecraft:crouch_one_cm":2556,"minecraft:fall_one_cm":95161},"minecraft:mined":{"minecraft:white_bed":1,"minecraft:cobblestone_stairs":3,"minecraft:grass_block":31,"minecraft:redstone_wire":1,"minecraft:oxeye_daisy":8,"minecraft:azure_bluet":3,"minecraft:red_tulip":22,"minecraft:white_tulip":1,"minecraft:white_wool":1,"minecraft:blue_wall_banner":1,"minecraft:cherry_planks":2,"minecraft:red_wool":52,"minecraft:red_bed":2,"minecraft:lily_of_the_valley":1,"minecraft:crafting_table":5,"minecraft:short_grass":61,"minecraft:poppy":2,"minecraft:rose_bush":15,"minecraft:glass":38,"minecraft:cobblestone":1,"minecraft:tall_grass":9,"minecraft:oak_planks":165,"minecraft:wall_torch":1,"minecraft:pink_petals":21,"minecraft:birch_planks":1,"minecraft:ice":1,"minecraft:orange_tulip":2,"minecraft:black_wool":11,"minecraft:oak_log":87,"minecraft:cherry_leaves":18,"minecraft:dirt":15,"minecraft:oak_leaves":6},"minecraft:crafted":{"minecraft:black_dye":18,"minecraft:wooden_sword":3,"minecraft:oak_planks":168,"minecraft:furnace":1,"minecraft:light_gray_wool":1,"minecraft:cobblestone_stairs":68,"minecraft:bone_meal":9,"minecraft:stone_pickaxe":1,"minecraft:black_wool":17,"minecraft:red_dye":47,"minecraft:cooked_porkchop":2,"minecraft:crafting_table":1,"minecraft:red_bed":1,"minecraft:red_wool":33,"minecraft:campfire":12,"minecraft:stone_axe":2,"minecraft:white_wool":1,"minecraft:white_dye":1,"minecraft:stick":60,"minecraft:stone_sword":2,"minecraft:light_gray_dye":8,"minecraft:white_bed":1},"minecraft:used":{"minecraft:stone_sword":216,"minecraft:redstone":1,"minecraft:torch":1,"minecraft:dirt":22,"minecraft:mutton":69,"minecraft:glass":2,"minecraft:red_wool":65,"minecraft:blue_banner":2,"minecraft:bow":14,"minecraft:furnace":1,"minecraft:cobblestone_stairs":56,"minecraft:stone_pickaxe":4,"minecraft:oak_planks":254,"minecraft:cherry_planks":2,"minecraft:white_wool":25,"minecraft:crafting_table":6,"minecraft:red_bed":3,"minecraft:campfire":10,"minecraft:oak_log":4,"minecraft:black_wool":27,"minecraft:mace":119,"minecraft:stone_axe":181,"minecraft:pink_petals":12,"minecraft:wooden_sword":197,"minecraft:cobblestone":15,"minecraft:porkchop":2,"minecraft:cooked_porkchop":1},"minecraft:dropped":{"minecraft:black_dye":1,"minecraft:cherry_log":2,"minecraft:crafting_table":1,"minecraft:red_wool":13,"minecraft:dirt":74,"minecraft:mace":1,"minecraft:torch":15,"minecraft:diamond_helmet":1,"minecraft:red_dye":18,"minecraft:pink_petals":1,"minecraft:white_wool":97,"minecraft:stone_axe":3,"minecraft:stone_sword":1,"minecraft:cherry_sapling":3,"minecraft:rotten_flesh":3,"minecraft:oak_planks":57,"minecraft:white_bed":2,"minecraft:poppy":2,"minecraft:light_gray_dye":7,"minecraft:campfire":2,"minecraft:written_book":7},"minecraft:picked_up":{"minecraft:wooden_axe":1,"minecraft:iron_chestplate":3,"minecraft:crafting_table":14,"minecraft:azure_bluet":3,"minecraft:chicken":3,"minecraft:diamond_sword":2,"minecraft:wooden_pickaxe":1,"minecraft:string":10,"minecraft:red_bed":2,"minecraft:cherry_boat":1,"minecraft:bucket":11,"minecraft:red_dye":9,"minecraft:white_tulip":1,"minecraft:rose_bush":21,"minecraft:written_book":17,"minecraft:poppy":10,"minecraft:stick":28,"minecraft:raw_iron":2,"minecraft:torch":46,"minecraft:porkchop":6,"minecraft:white_dye":96,"minecraft:mace":1,"minecraft:cherry_log":2,"minecraft:redstone":1,"minecraft:black_dye":9,"minecraft:diamond_chestplate":1,"minecraft:stone_sword":3,"minecraft:arrow":4,"minecraft:rotten_flesh":15,"minecraft:diamond_boots":2,"minecraft:red_tulip":21,"minecraft:mutton":89,"minecraft:snowball":20,"minecraft:white_wool":152,"minecraft:cobblestone":191,"minecraft:oxeye_daisy":8,"minecraft:pink_petals":649,"minecraft:cooked_beef":2,"minecraft:cherry_planks":73,"minecraft:birch_planks":2,"minecraft:oak_log":243,"minecraft:cobblestone_stairs":33,"minecraft:dirt":176,"minecraft:glass":2,"minecraft:bone":3,"minecraft:wheat_seeds":30,"minecraft:orange_tulip":10,"minecraft:stone_pickaxe":1,"minecraft:diamond_helmet":2,"minecraft:oak_planks":297,"minecraft:soul_sand":4,"minecraft:red_wool":46,"minecraft:ink_sac":63,"minecraft:white_bed":3,"minecraft:lily_of_the_valley":1,"minecraft:spider_eye":4,"minecraft:diamond":3,"minecraft:stone_axe":6,"minecraft:cherry_sapling":26,"minecraft:bone_meal":63,"minecraft:gray_wool":1,"minecraft:emerald":15,"minecraft:blue_banner":2,"minecraft:oak_sapling":2,"minecraft:black_wool":12,"minecraft:coal":27,"minecraft:diamond_pickaxe":2},"minecraft:killed":{"minecraft:spider":2,"minecraft:chicken":1,"minecraft:drowned":1,"minecraft:pig":3,"minecraft:squid":8,"minecraft:sheep":44,"minecraft:zombie":3},"minecraft:broken":{"minecraft:wooden_sword":3,"minecraft:stone_axe":1}},"DataVersion":3953}