{"stats":{"minecraft:used":{"minecraft:stone_sword":203,"minecraft:cobblestone_stairs":56,"minecraft:redstone":1,"minecraft:stone_pickaxe":4,"minecraft:oak_planks":254,"minecraft:cherry_planks":2,"minecraft:white_wool":25,"minecraft:torch":1,"minecraft:dirt":22,"minecraft:mutton":69,"minecraft:crafting_table":6,"minecraft:red_bed":3,"minecraft:campfire":10,"minecraft:oak_log":4,"minecraft:glass":2,"minecraft:black_wool":27,"minecraft:red_wool":65,"minecraft:blue_banner":2,"minecraft:stone_axe":153,"minecraft:wooden_sword":197,"minecraft:pink_petals":12,"minecraft:cobblestone":15},"minecraft:mined":{"minecraft:blue_wall_banner":1,"minecraft:white_bed":1,"minecraft:cherry_planks":1,"minecraft:red_wool":52,"minecraft:red_bed":2,"minecraft:lily_of_the_valley":1,"minecraft:cobblestone_stairs":3,"minecraft:crafting_table":5,"minecraft:short_grass":57,"minecraft:grass_block":31,"minecraft:poppy":2,"minecraft:rose_bush":15,"minecraft:redstone_wire":1,"minecraft:cobblestone":1,"minecraft:tall_grass":8,"minecraft:glass":38,"minecraft:oak_planks":165,"minecraft:oxeye_daisy":8,"minecraft:wall_torch":1,"minecraft:pink_petals":21,"minecraft:birch_planks":1,"minecraft:ice":1,"minecraft:orange_tulip":2,"minecraft:azure_bluet":3,"minecraft:black_wool":11,"minecraft:red_tulip":22,"minecraft:oak_log":87,"minecraft:cherry_leaves":18,"minecraft:dirt":15,"minecraft:white_tulip":1,"minecraft:white_wool":1,"minecraft:oak_leaves":6},"minecraft:dropped":{"minecraft:stone_axe":2,"minecraft:black_dye":1,"minecraft:cherry_log":2,"minecraft:stone_sword":1,"minecraft:crafting_table":1,"minecraft:cherry_sapling":3,"minecraft:rotten_flesh":3,"minecraft:oak_planks":57,"minecraft:red_wool":13,"minecraft:white_bed":2,"minecraft:poppy":2,"minecraft:dirt":74,"minecraft:torch":15,"minecraft:light_gray_dye":7,"minecraft:red_dye":18,"minecraft:campfire":2,"minecraft:pink_petals":1,"minecraft:written_book":7,"minecraft:white_wool":97},"minecraft:custom":{"minecraft:interact_with_furnace":5,"minecraft:mob_kills":59,"minecraft:interact_with_crafting_table":15,"minecraft:interact_with_loom":1,"minecraft:leave_game":3,"minecraft:time_since_death":0,"minecraft:sleep_in_bed":10,"minecraft:climb_one_cm":14403,"minecraft:time_since_rest":169,"minecraft:sprint_one_cm":523047,"minecraft:damage_taken":5178,"minecraft:walk_one_cm":629994,"minecraft:drop":228,"minecraft:damage_dealt":5644,"minecraft:swim_one_cm":64336,"minecraft:fly_one_cm":311511,"minecraft:open_chest":4,"minecraft:crouch_one_cm":2556,"minecraft:play_time":223395,"minecraft:deaths":17,"minecraft:sneak_time":1899,"minecraft:walk_under_water_one_cm":44856,"minecraft:boat_one_cm":19773,"minecraft:jump":3236,"minecraft:walk_on_water_one_cm":32439,"minecraft:total_world_time":223395,"minecraft:fall_one_cm":73627},"minecraft:killed":{"minecraft:spider":2,"minecraft:squid":8,"minecraft:sheep":44,"minecraft:zombie":3,"minecraft:drowned":1},"minecraft:broken":{"minecraft:wooden_sword":3,"minecraft:stone_axe":1},"minecraft:killed_by":{"minecraft:player":2,"minecraft:spider":1,"minecraft:skeleton":1,"minecraft:zombie":1,"minecraft:drowned":6},"minecraft:crafted":{"minecraft:red_dye":47,"minecraft:black_dye":18,"minecraft:wooden_sword":3,"minecraft:oak_planks":168,"minecraft:crafting_table":1,"minecraft:red_bed":1,"minecraft:red_wool":33,"minecraft:light_gray_wool":1,"minecraft:cobblestone_stairs":68,"minecraft:bone_meal":9,"minecraft:campfire":12,"minecraft:stone_axe":2,"minecraft:white_wool":1,"minecraft:white_dye":1,"minecraft:stick":60,"minecraft:stone_pickaxe":1,"minecraft:stone_sword":2,"minecraft:light_gray_dye":8,"minecraft:white_bed":1,"minecraft:black_wool":17},"minecraft:picked_up":{"minecraft:wooden_axe":1,"minecraft:pink_petals":585,"minecraft:crafting_table":14,"minecraft:azure_bluet":3,"minecraft:cherry_planks":72,"minecraft:wooden_pickaxe":1,"minecraft:birch_planks":1,"minecraft:oak_log":243,"minecraft:cobblestone_stairs":3,"minecraft:dirt":175,"minecraft:string":4,"minecraft:red_bed":2,"minecraft:glass":2,"minecraft:bone":3,"minecraft:cherry_boat":1,"minecraft:wheat_seeds":22,"minecraft:orange_tulip":10,"minecraft:red_dye":9,"minecraft:white_tulip":1,"minecraft:stone_pickaxe":1,"minecraft:rose_bush":21,"minecraft:written_book":16,"minecraft:poppy":4,"minecraft:oak_planks":285,"minecraft:stick":13,"minecraft:raw_iron":2,"minecraft:red_wool":46,"minecraft:torch":46,"minecraft:white_dye":32,"minecraft:cherry_log":2,"minecraft:ink_sac":63,"minecraft:white_bed":3,"minecraft:redstone":1,"minecraft:lily_of_the_valley":1,"minecraft:spider_eye":2,"minecraft:black_dye":9,"minecraft:stone_sword":3,"minecraft:arrow":4,"minecraft:rotten_flesh":14,"minecraft:stone_axe":2,"minecraft:red_tulip":21,"minecraft:cherry_sapling":26,"minecraft:bone_meal":63,"minecraft:gray_wool":1,"minecraft:blue_banner":2,"minecraft:oak_sapling":2,"minecraft:black_wool":12,"minecraft:mutton":89,"minecraft:coal":27,"minecraft:snowball":16,"minecraft:white_wool":152,"minecraft:cobblestone":191,"minecraft:oxeye_daisy":8}},"DataVersion":3953}